area,i,j,cell,bounds,tile,well
1559,25.57665169980757,1933.8774855676716,1,"(5, 1909, 47, 1957)",100,A2
1445,31.609688581314877,2181.365397923875,2,"(12, 2159, 53, 2205)",100,A2
993,30.40382678751259,181.6968781470292,3,"(14, 163, 49, 201)",100,A2
1338,33.586696562032884,827.593423019432,4,"(14, 807, 54, 849)",100,A2
1830,38.768852459016394,1390.292349726776,5,"(14, 1366, 65, 1416)",100,A2
1271,35.54917387883556,280.74272226593234,6,"(18, 256, 52, 307)",100,A2
1301,41.299769408147576,1300.1337432744042,7,"(20, 1281, 63, 1320)",100,A2
833,38.157262905162064,1228.7118847539016,8,"(21, 1213, 56, 1245)",100,A2
1434,53.099721059972104,2102.5062761506274,9,"(29, 2083, 77, 2122)",100,A2
729,48.382716049382715,1178.5048010973937,10,"(32, 1165, 66, 1193)",100,A2
1669,54.77890952666267,1890.8136608747752,11,"(33, 1868, 79, 1916)",100,A2
1722,59.5,995.2084785133566,12,"(36, 973, 84, 1019)",100,A2
1476,61.637533875338754,43.8529810298103,13,"(37, 24, 86, 63)",100,A2
1887,63.326974032856384,905.2967673555909,14,"(41, 879, 87, 933)",100,A2
1771,62.39412761151892,1463.8605307735743,15,"(41, 1438, 84, 1491)",100,A2
1311,63.83066361556064,1980.302822273074,16,"(42, 1960, 85, 1999)",100,A2
1961,74.23814380418155,1121.293727689954,17,"(49, 1096, 100, 1145)",100,A2
1512,82.10846560846561,1807.7982804232804,18,"(64, 1783, 102, 1833)",100,A2
1302,83.26190476190476,1701.3402457757297,19,"(66, 1680, 103, 1725)",100,A2
1613,89.83942963422194,1213.2176069435834,20,"(68, 1190, 112, 1238)",100,A2
1136,87.86179577464789,488.6857394366197,21,"(71, 468, 106, 509)",100,A2
1256,92.25238853503184,2052.1799363057326,22,"(74, 2030, 111, 2074)",100,A2
1194,95.28224455611391,2136.494137353434,23,"(78, 2113, 113, 2160)",100,A2
1390,104.36618705035971,1568.0122302158272,24,"(83, 1548, 127, 1589)",100,A2
1520,108.99013157894737,958.9144736842105,25,"(88, 936, 130, 983)",100,A2
2041,113.81430671239589,1056.7721705046545,26,"(89, 1031, 139, 1084)",100,A2
1571,110.14704010184596,1286.1094844048378,27,"(89, 1263, 132, 1309)",100,A2
1582,109.78761061946902,1357.9848293299622,28,"(90, 1333, 130, 1383)",100,A2
1370,112.98905109489051,1638.3014598540146,29,"(91, 1618, 136, 1659)",100,A2
700,111.23714285714286,1455.5342857142857,30,"(97, 1442, 128, 1471)",100,A2
1255,118.49322709163347,1932.1752988047808,31,"(97, 1915, 141, 1951)",100,A2
1300,119.0623076923077,448.55,32,"(100, 426, 139, 471)",100,A2
1450,124.08206896551724,2243.2386206896554,33,"(102, 2223, 149, 2264)",100,A2
991,125.81735620585268,1502.4157416750757,34,"(109, 1484, 142, 1522)",100,A2
1454,132.10522696011003,2183.143053645117,35,"(110, 2161, 155, 2207)",100,A2
1673,133.42737597130903,892.329348475792,36,"(113, 867, 156, 918)",100,A2
1738,136.6035673187572,610.2261219792865,37,"(114, 586, 159, 636)",100,A2
1682,141.58382877526753,1413.3793103448277,38,"(115, 1393, 169, 1434)",100,A2
1823,149.97421832144815,1807.6204059243007,39,"(129, 1780, 172, 1835)",100,A2
1814,155.51819184123485,1235.649393605292,40,"(134, 1210, 178, 1262)",100,A2
2274,161.96525945470538,1986.5554089709763,41,"(134, 1960, 190, 2013)",100,A2
1568,159.91836734693877,2316.029336734694,42,"(134, 2294, 186, 2337)",100,A2
1637,160.069639584606,1884.3005497861943,43,"(138, 1861, 183, 1910)",100,A2
1614,157.0185873605948,2061.2385377943,44,"(138, 2037, 177, 2088)",100,A2
1078,159.6734693877551,523.8497217068646,45,"(139, 507, 182, 540)",100,A2
1720,161.48720930232557,1708.8703488372093,46,"(139, 1684, 184, 1734)",100,A2
1255,157.72828685258963,1324.4,47,"(141, 1302, 175, 1349)",100,A2
1123,158.9679430097952,1519.20035618878,48,"(143, 1496, 176, 1542)",100,A2
1108,167.59837545126354,1454.0830324909748,49,"(144, 1437, 192, 1471)",100,A2
1247,164.85164394546914,1622.7313552526064,50,"(146, 1602, 185, 1643)",100,A2
1579,178.14312856238126,1013.5965801139962,51,"(152, 995, 204, 1034)",100,A2
1494,175.7182061579652,44.698125836680056,52,"(154, 23, 198, 68)",100,A2
1246,175.65890850722312,1157.2808988764045,53,"(156, 1137, 197, 1178)",100,A2
1803,182.88352745424294,937.7709373266778,54,"(157, 915, 210, 960)",100,A2
1798,190.73081201334816,1117.3820912124584,55,"(166, 1095, 217, 1141)",100,A2
2009,194.84420109507218,678.7929318068691,56,"(169, 655, 223, 702)",100,A2
1427,191.05466012613874,2355.052557813595,57,"(169, 2335, 215, 2375)",100,A2
1367,192.2787125091441,1383.7242136064374,58,"(173, 1361, 210, 1408)",100,A2
1122,195.49019607843138,1560.1247771836006,59,"(177, 1541, 215, 1580)",100,A2
1681,197.11302795954788,2199.3022010707914,60,"(177, 2172, 218, 2226)",100,A2
1028,197.6498054474708,1463.1634241245135,61,"(179, 1443, 217, 1484)",100,A2
1095,197.53150684931506,479.0337899543379,62,"(180, 460, 215, 499)",100,A2
1719,207.45956951716113,1270.0349040139615,63,"(188, 1242, 229, 1297)",100,A2
1685,209.16557863501484,2101.7151335311573,64,"(189, 2072, 228, 2130)",100,A2
1379,212.9492385786802,1162.653372008702,65,"(193, 1139, 233, 1186)",100,A2
1176,211.71003401360545,1742.968537414966,66,"(193, 1722, 231, 1763)",100,A2
1545,219.28025889967637,1630.8478964401295,67,"(198, 1609, 241, 1654)",100,A2
1003,216.51944167497507,1325.5712861415752,68,"(199, 1308, 236, 1344)",100,A2
1352,229.67455621301775,1803.0103550295858,69,"(208, 1783, 252, 1824)",100,A2
1079,224.67747914735867,1482.4726598702503,70,"(209, 1459, 240, 1506)",100,A2
1669,236.15038945476334,903.2139005392451,71,"(213, 880, 261, 927)",100,A2
1519,241.99275839368005,1196.199473337722,72,"(215, 1178, 268, 1216)",100,A2
934,235.05353319057815,1538.1927194860814,73,"(219, 1519, 252, 1558)",100,A2
1181,241.91024555461473,1353.082980524979,74,"(225, 1330, 260, 1376)",100,A2
1398,246.30543633762517,1122.4957081545065,75,"(226, 1101, 268, 1143)",100,A2
1528,248.8985602094241,2166.859947643979,76,"(226, 2145, 272, 2189)",100,A2
1905,254.65616797900262,525.7196850393701,77,"(229, 502, 281, 550)",100,A2
2380,258.51008403361345,608.8739495798319,78,"(230, 583, 289, 635)",100,A2
1949,254.910723447922,755.3519753719856,79,"(230, 731, 282, 780)",100,A2
1726,256.84878331402086,992.9159907300116,80,"(232, 971, 282, 1016)",100,A2
1593,253.74513496547394,2313.8355304457,81,"(232, 2292, 277, 2337)",100,A2
2305,262.73622559652927,1401.02863340564,82,"(239, 1370, 288, 1434)",100,A2
1566,264.7324393358876,2014.3212005108558,83,"(241, 1993, 289, 2037)",100,A2
1110,264.16486486486485,1705.2585585585587,84,"(242, 1690, 287, 1721)",100,A2
1624,268.2875615763547,2240.6508620689656,85,"(243, 2220, 294, 2262)",100,A2
1801,270.08439755691285,2086.224319822321,86,"(245, 2064, 296, 2110)",100,A2
1486,269.9690444145357,1853.9165545087483,87,"(247, 1833, 294, 1875)",100,A2
1575,272.12888888888887,1166.8184126984127,88,"(248, 1146, 296, 1189)",100,A2
1530,271.02941176470586,1564.237908496732,89,"(248, 1541, 294, 1587)",100,A2
1555,274.40836012861735,886.2533762057877,90,"(254, 863, 296, 910)",100,A2
1671,278.06044284859365,149.47037701974867,91,"(256, 126, 302, 173)",100,A2
992,272.3709677419355,407.7368951612903,92,"(256, 390, 290, 427)",100,A2
1243,276.3274336283186,1045.7047465808528,93,"(257, 1025, 297, 1066)",100,A2
1120,278.87410714285716,478.2794642857143,94,"(258, 462, 301, 496)",100,A2
2087,282.27024436990894,1932.408241494969,95,"(258, 1904, 308, 1961)",100,A2
1290,281.24573643410855,1750.6782945736434,96,"(260, 1733, 304, 1770)",100,A2
1552,283.4806701030928,1309.2970360824743,97,"(261, 1289, 307, 1331)",100,A2
1449,288.08626639061424,1654.144927536232,98,"(265, 1635, 312, 1674)",100,A2
1550,291.96,230.22387096774193,99,"(269, 210, 317, 252)",100,A2
1481,290.58744091829846,1483.8568534773801,100,"(271, 1460, 311, 1508)",100,A2
1785,308.01680672268907,1096.5686274509803,101,"(284, 1071, 333, 1123)",100,A2
1486,312.106998654105,1602.800134589502,102,"(290, 1582, 335, 1624)",100,A2
1486,310.4266487213997,2180.134589502019,103,"(291, 2156, 330, 2204)",100,A2
1664,318.21274038461536,92.24579326923077,104,"(293, 71, 344, 113)",100,A2
1564,316.53644501278774,891.7327365728901,105,"(295, 869, 338, 915)",100,A2
1486,316.04104979811575,1383.9327052489905,106,"(300, 1357, 333, 1411)",100,A2
1344,327.0997023809524,1029.611607142857,107,"(307, 1008, 348, 1051)",100,A2
1632,329.70526960784315,2315.2757352941176,108,"(307, 2292, 354, 2339)",100,A2
1482,326.6221322537112,1257.3798920377867,109,"(308, 1234, 348, 1283)",100,A2
1511,331.62409000661813,596.5982792852416,110,"(312, 572, 351, 623)",100,A2
1482,331.33805668016197,962.8009446693658,111,"(312, 939, 355, 986)",100,A2
1497,336.38610554442215,2032.3820975283902,112,"(314, 2011, 359, 2054)",100,A2
1689,345.4890467732386,1865.474245115453,113,"(320, 1844, 373, 1888)",100,A2
1391,344.3551401869159,2092.398274622574,114,"(322, 2072, 368, 2114)",100,A2
1573,344.60648442466623,1519.3502860775588,115,"(324, 1496, 366, 1543)",100,A2
1754,351.27194982896236,1791.8232611174458,116,"(324, 1771, 379, 1812)",100,A2
1535,351.0931596091205,180.79087947882735,117,"(327, 161, 375, 202)",100,A2
1794,348.73634336677816,825.9046822742475,118,"(327, 800, 372, 853)",100,A2
1617,357.02102659245514,696.3333333333334,119,"(333, 675, 382, 718)",100,A2
1779,356.29848229342326,1957.432265317594,120,"(335, 1931, 380, 1984)",100,A2
1784,363.5515695067265,1436.8867713004483,121,"(339, 1412, 387, 1465)",100,A2
1659,360.5015069318867,2148.0174804098856,122,"(339, 2124, 383, 2173)",100,A2
1533,363.31376386170905,1349.8995433789955,123,"(340, 1330, 387, 1373)",100,A2
1583,370.1787744788376,1607.463676563487,124,"(347, 1587, 395, 1628)",100,A2
1602,371.81210986267166,2268.376404494382,125,"(348, 2248, 397, 2290)",100,A2
1319,366.9090219863533,902.9257012888552,126,"(351, 878, 384, 927)",100,A2
1444,372.30540166204986,995.0186980609418,127,"(351, 973, 394, 1018)",100,A2
1039,368.3570741097209,1239.0230991337826,128,"(351, 1221, 387, 1258)",100,A2
1311,373.23112128146454,1123.1022120518687,129,"(352, 1103, 396, 1142)",100,A2
1142,373.46234676007003,1291.553415061296,130,"(352, 1274, 396, 1310)",100,A2
978,375.3803680981595,593.9488752556238,131,"(359, 576, 392, 613)",100,A2
1602,389.4126092384519,2210.8052434456927,132,"(365, 2190, 415, 2232)",100,A2
1475,391.30033898305084,1198.1905084745763,133,"(371, 1175, 412, 1222)",100,A2
1509,397.38237243207425,1545.649436713055,134,"(376, 1523, 419, 1570)",100,A2
1113,395.02425876010784,2340.0053908355794,135,"(378, 2320, 413, 2362)",100,A2
1500,404.738,1086.9,136,"(381, 1067, 430, 1108)",100,A2
1242,406.78582930756846,504.68760064412237,137,"(383, 489, 432, 521)",100,A2
1343,405.93000744601636,952.3886820551005,138,"(385, 932, 428, 974)",100,A2
1318,409.459028831563,1388.9681335356602,139,"(388, 1370, 433, 1408)",100,A2
1479,411.4901960784314,771.843137254902,140,"(391, 750, 434, 794)",100,A2
1329,411.72234762979684,2021.3002257336343,141,"(391, 2001, 433, 2043)",100,A2
1350,415.72592592592594,845.8237037037037,142,"(394, 826, 438, 867)",100,A2
1403,417.06200997861725,413.0598717034925,143,"(396, 391, 438, 435)",100,A2
1949,425.34838378655724,1871.168804515136,144,"(399, 1848, 453, 1896)",100,A2
1556,428.6696658097686,729.6098971722365,145,"(402, 711, 457, 747)",100,A2
935,420.0427807486631,1319.8791443850268,146,"(402, 1304, 438, 1336)",100,A2
1730,431.45953757225436,1499.6341040462428,147,"(405, 1480, 459, 1521)",100,A2
1643,434.2824102251978,2120.2793670115643,148,"(407, 2099, 463, 2142)",100,A2
1920,436.7572916666667,1044.1265625,149,"(409, 1022, 465, 1067)",100,A2
1488,432.0934139784946,1155.5,150,"(413, 1133, 453, 1180)",100,A2
1752,440.648401826484,662.9885844748859,151,"(416, 641, 466, 686)",100,A2
1608,442.2307213930348,1793.084577114428,152,"(417, 1775, 469, 1813)",100,A2
1364,439.60557184750735,1942.6561583577713,153,"(418, 1923, 461, 1964)",100,A2
1603,445.34747348721146,895.5920149719276,154,"(421, 875, 471, 917)",100,A2
980,438.53367346938774,2262.8,155,"(422, 2246, 457, 2282)",100,A2
1229,439.8592351505289,2331.7770545158664,156,"(423, 2310, 458, 2355)",100,A2
1485,445.6922558922559,2184.705723905724,157,"(425, 2162, 468, 2209)",100,A2
1686,451.06761565836297,356.87485172004745,158,"(426, 337, 478, 379)",100,A2
1045,445.37607655502393,1401.3483253588518,159,"(426, 1383, 465, 1420)",100,A2
1569,450.1115360101976,297.6711281070746,160,"(429, 274, 473, 322)",100,A2
1418,455.55782792665724,1262.7489421720734,161,"(432, 1245, 481, 1282)",100,A2
1407,454.7313432835821,1213.8862828713575,162,"(433, 1192, 478, 1234)",100,A2
1248,456.8629807692308,1460.4110576923076,163,"(433, 1441, 482, 1482)",100,A2
1513,457.9484467944481,2082.0958360872437,164,"(433, 2061, 484, 2103)",100,A2
2015,459.8213399503722,1600.6982630272953,165,"(435, 1576, 487, 1626)",100,A2
1212,461.2161716171617,808.6559405940594,166,"(439, 791, 482, 827)",100,A2
1439,465.4753300903405,1328.5309242529534,167,"(447, 1305, 487, 1352)",100,A2
1528,469.51112565445027,957.6721204188482,168,"(449, 934, 491, 982)",100,A2
1450,480.88344827586207,1092.9448275862069,169,"(458, 1072, 505, 1114)",100,A2
1049,478.44899904671115,430.0838894184938,170,"(461, 411, 496, 451)",100,A2
1010,480.6732673267327,530.5792079207921,171,"(462, 514, 501, 548)",100,A2
1578,483.55830164765524,1996.2591888466413,172,"(463, 1972, 504, 2021)",100,A2
1094,488.33363802559415,2305.121572212066,173,"(470, 2287, 508, 2324)",100,A2
1354,490.7392909896603,1175.5480059084196,174,"(471, 1151, 511, 1201)",100,A2
1089,489.1432506887052,2214.9834710743803,175,"(471, 2196, 508, 2235)",100,A2
1029,494.13605442176873,484.2283770651118,176,"(474, 469, 515, 502)",100,A2
1661,500.8669476219145,1541.2137266706802,177,"(475, 1521, 526, 1562)",100,A2
1218,495.4729064039409,1436.5492610837439,178,"(477, 1416, 514, 1458)",100,A2
1873,506.1131873998932,614.1009076348105,179,"(481, 592, 532, 638)",100,A2
1383,503.19233550253074,1377.1091829356471,180,"(484, 1354, 524, 1400)",100,A2
1398,504.22675250357656,1856.3376251788268,181,"(484, 1835, 526, 1879)",100,A2
1189,507.6467619848612,2165.6164844407067,182,"(490, 2145, 525, 2188)",100,A2
1707,514.7275922671354,209.07498535442298,183,"(491, 185, 539, 235)",100,A2
1372,510.8265306122449,362.88338192419826,184,"(491, 339, 531, 385)",100,A2
1541,514.5217391304348,1143.7631408176508,185,"(494, 1120, 535, 1169)",100,A2
1397,517.3736578382247,843.8346456692914,186,"(496, 823, 539, 868)",100,A2
1334,515.7541229385307,1265.7758620689656,187,"(496, 1244, 537, 1288)",100,A2
1734,521.2595155709342,778.5449826989619,188,"(497, 757, 546, 801)",100,A2
1563,524.6257197696737,999.872040946897,189,"(500, 980, 551, 1021)",100,A2
1212,520.6435643564356,2345.621287128713,190,"(500, 2329, 542, 2364)",100,A2
1418,529.5514809590974,1917.3568406205925,191,"(507, 1898, 553, 1938)",100,A2
1481,532.4179608372721,933.7893315327482,192,"(509, 913, 556, 956)",100,A2
1495,534.0341137123746,2236.9678929765887,193,"(511, 2214, 556, 2259)",100,A2
1304,534.6441717791411,1320.8174846625766,194,"(513, 1301, 556, 1341)",100,A2
1307,534.9579188982402,563.6335118592195,195,"(514, 545, 557, 584)",100,A2
1225,532.6489795918367,433.3297959183673,196,"(515, 413, 553, 454)",100,A2
1211,533.9653179190751,876.1040462427745,197,"(515, 855, 555, 896)",100,A2
2855,547.9810858143608,2071.5145359019266,198,"(518, 2038, 574, 2107)",100,A2
1180,538.9915254237288,707.0,199,"(520, 688, 560, 727)",100,A2
1245,542.1630522088353,1456.0883534136547,200,"(523, 1437, 564, 1476)",100,A2
983,544.439471007121,506.1037639877925,201,"(524, 492, 566, 522)",100,A2
1860,552.0731182795699,293.23817204301076,202,"(527, 270, 576, 317)",100,A2
1097,548.3719234275296,2292.7784867821333,203,"(530, 2275, 569, 2311)",100,A2
1349,552.4833209785025,1984.8836174944404,204,"(534, 1962, 573, 2008)",100,A2
1246,555.7094703049759,2151.994382022472,205,"(536, 2133, 576, 2172)",100,A2
1661,559.2847682119206,1515.4647802528598,206,"(538, 1491, 582, 1540)",100,A2
1551,569.963249516441,247.39909735654416,207,"(539, 232, 602, 264)",100,A2
1470,563.4687074829932,1031.9027210884353,208,"(541, 1011, 586, 1053)",100,A2
1439,564.9291174426685,1243.7734537873523,209,"(543, 1223, 588, 1265)",100,A2
1335,562.416479400749,1393.663670411985,210,"(543, 1372, 583, 1417)",100,A2
1330,563.609022556391,1183.233082706767,211,"(544, 1162, 586, 1204)",100,A2
1028,565.0817120622568,57.85505836575876,212,"(548, 38, 582, 78)",100,A2
1543,574.5845755022683,1088.4633830200908,213,"(551, 1069, 600, 1109)",100,A2
2213,589.4844103027565,881.3669227293267,214,"(562, 854, 615, 912)",100,A2
1572,583.1952926208652,192.26335877862596,215,"(564, 168, 605, 217)",100,A2
2011,584.8831427150672,747.2252610641472,216,"(564, 718, 608, 777)",100,A2
1394,586.2187948350072,1338.3249641319942,217,"(564, 1318, 609, 1359)",100,A2
2509,594.8298126743723,385.5902750099641,218,"(569, 355, 621, 417)",100,A2
1756,597.9658314350797,2053.7944191343963,219,"(573, 2031, 621, 2079)",100,A2
1334,596.5194902548726,552.0389805097451,220,"(575, 532, 619, 573)",100,A2
1267,592.941594317285,2305.513812154696,221,"(575, 2283, 612, 2328)",100,A2
1054,594.246679316888,465.80834914611006,222,"(576, 449, 614, 484)",100,A2
1224,595.1233660130719,653.9215686274509,223,"(577, 633, 615, 676)",100,A2
1243,596.6830249396621,1154.141592920354,224,"(577, 1134, 616, 1176)",100,A2
1509,596.272365805169,2205.0006626905233,225,"(578, 2181, 616, 2231)",100,A2
1128,602.0593971631206,600.718085106383,226,"(582, 583, 622, 620)",100,A2
1423,604.5340829234012,1412.418130709768,227,"(584, 1389, 625, 1436)",100,A2
1430,609.6468531468531,1269.9601398601399,228,"(591, 1245, 629, 1296)",100,A2
1281,618.0835284933646,66.94613583138174,229,"(599, 46, 640, 89)",100,A2
1228,622.5521172638437,1465.4674267100977,230,"(600, 1448, 645, 1484)",100,A2
925,623.32,499.9881081081081,231,"(603, 486, 644, 514)",100,A2
805,622.1614906832298,2350.585093167702,232,"(605, 2335, 641, 2366)",100,A2
1817,635.2366538249862,1523.6175013758943,233,"(612, 1499, 660, 1549)",100,A2
1119,636.2296693476318,104.07953529937444,234,"(613, 87, 660, 122)",100,A2
1324,634.4040785498489,946.4108761329305,235,"(614, 927, 656, 967)",100,A2
1658,647.3244873341375,1582.4897466827504,236,"(621, 1563, 673, 1603)",100,A2
1673,649.344291691572,769.285116557083,237,"(623, 749, 677, 791)",100,A2
791,642.1264222503161,2111.2402022756005,238,"(625, 2098, 661, 2126)",100,A2
1436,650.0438718662953,2223.186629526462,239,"(625, 2204, 676, 2244)",100,A2
1346,646.8268945022288,1033.0475482912334,240,"(627, 1012, 669, 1054)",100,A2
1706,650.0932004689332,1095.3141852286049,241,"(627, 1072, 675, 1119)",100,A2
2019,656.6523031203566,177.0975730559683,242,"(634, 149, 679, 207)",100,A2
1385,655.7335740072202,1200.067870036101,243,"(636, 1179, 677, 1221)",100,A2
1476,656.8306233062331,1325.8800813008131,244,"(636, 1303, 678, 1349)",100,A2
887,653.7463359639233,540.6200676437429,245,"(638, 523, 671, 559)",100,A2
1161,657.1507321274763,1399.823428079242,246,"(641, 1378, 674, 1423)",100,A2
761,658.4875164257555,2058.382391590013,247,"(644, 2044, 675, 2075)",100,A2
1499,668.0466977985324,469.4609739826551,248,"(645, 449, 691, 492)",100,A2
1292,668.328947368421,1250.752321981424,249,"(645, 1234, 693, 1269)",100,A2
1817,674.4551458447991,709.3395707209686,250,"(650, 686, 699, 735)",100,A2
2539,675.3205986608901,294.1918077983458,251,"(654, 260, 699, 331)",100,A2
1380,676.2949275362319,383.90507246376814,252,"(656, 362, 698, 406)",100,A2
1399,678.2751965689779,2132.928520371694,253,"(658, 2112, 701, 2156)",100,A2
1642,681.5079171741778,839.0767356881852,254,"(660, 814, 705, 866)",100,A2
1555,686.4520900321544,1003.6,255,"(663, 982, 710, 1026)",100,A2
1127,685.8961845607809,2175.0275066548356,256,"(665, 2158, 709, 2192)",100,A2
924,682.5508658008658,574.7175324675325,257,"(667, 556, 699, 595)",100,A2
1668,692.5983213429257,1160.3974820143885,258,"(667, 1138, 719, 1183)",100,A2
1535,695.1394136807818,1922.330293159609,259,"(671, 1901, 720, 1944)",100,A2
1330,694.7345864661654,1853.1593984962406,260,"(676, 1832, 715, 1875)",100,A2
1221,698.2792792792793,1406.5929565929566,261,"(681, 1385, 718, 1429)",100,A2
1644,709.8868613138686,942.9750608272506,262,"(688, 919, 733, 967)",100,A2
1813,713.996138996139,36.52068394925538,263,"(689, 15, 740, 60)",100,A2
1332,707.496996996997,1087.036036036036,264,"(689, 1063, 726, 1112)",100,A2
2027,715.4849531327085,2271.8426245683277,265,"(689, 2246, 741, 2299)",100,A2
1620,708.5271604938272,1492.6987654320988,266,"(690, 1466, 730, 1522)",100,A2
1633,711.6631965707287,1611.789957134109,267,"(694, 1584, 732, 1639)",100,A2
2034,719.3613569321534,1337.067354965585,268,"(695, 1310, 744, 1364)",100,A2
952,718.3455882352941,587.2111344537815,269,"(705, 567, 734, 608)",100,A2
1760,729.0920454545454,2225.36875,270,"(707, 2202, 753, 2253)",100,A2
1330,731.0097744360902,888.9714285714285,271,"(709, 870, 753, 909)",100,A2
1250,734.6712,716.356,272,"(717, 695, 753, 739)",100,A2
1428,746.3977591036414,439.23809523809524,273,"(725, 419, 769, 462)",100,A2
706,739.8810198300283,1189.257790368272,274,"(727, 1174, 754, 1207)",100,A2
1093,744.9231473010065,791.2442817932297,275,"(728, 772, 763, 810)",100,A2
1056,749.1221590909091,999.9251893939394,276,"(731, 981, 768, 1019)",100,A2
1606,754.2851805728518,1069.054794520548,277,"(734, 1044, 774, 1095)",100,A2
1629,764.1988950276243,1247.3732351135666,278,"(738, 1227, 792, 1269)",100,A2
1172,756.5921501706484,299.95819112627987,279,"(739, 281, 775, 321)",100,A2
1727,762.9791546033584,1559.720903300521,280,"(739, 1537, 790, 1582)",100,A2
800,755.5625,612.63375,281,"(741, 595, 771, 631)",100,A2
1123,763.6874443455031,536.1193232413179,282,"(742, 516, 783, 555)",100,A2
1405,765.1444839857651,2232.835587188612,283,"(744, 2211, 788, 2255)",100,A2
1530,765.9954248366013,2272.8287581699346,284,"(745, 2250, 789, 2297)",100,A2
2569,775.8345659789801,360.3293110159595,285,"(746, 332, 806, 389)",100,A2
1654,771.4322853688029,1473.4830713422007,286,"(748, 1448, 795, 1500)",100,A2
1477,771.5612728503723,118.46242383209209,287,"(750, 97, 794, 140)",100,A2
1468,768.1137602179837,1908.3031335149865,288,"(750, 1884, 787, 1933)",100,A2
2008,783.277390438247,1382.855577689243,289,"(757, 1359, 810, 1408)",100,A2
1767,782.3678551216751,668.9383135257499,290,"(760, 644, 805, 695)",100,A2
1092,784.1868131868132,855.474358974359,291,"(764, 839, 805, 873)",100,A2
1878,787.8136315228967,1178.2188498402556,292,"(764, 1155, 813, 1203)",100,A2
1748,792.3787185354691,1110.921052631579,293,"(766, 1090, 819, 1132)",100,A2
1202,789.1846921797005,953.338602329451,294,"(769, 935, 810, 972)",100,A2
1521,794.0092044707429,1804.163050624589,295,"(772, 1782, 817, 1827)",100,A2
1096,795.5848540145986,744.1423357664233,296,"(776, 726, 815, 763)",100,A2
1172,796.6433447098976,246.31058020477815,297,"(778, 226, 817, 267)",100,A2
1206,798.4477611940298,807.3233830845771,298,"(779, 787, 817, 829)",100,A2
929,795.4251883745964,904.697524219591,299,"(779, 888, 812, 923)",100,A2
1601,803.4515927545284,1620.25921299188,300,"(779, 1599, 828, 1642)",100,A2
1429,803.2701189643107,2371.0552834149753,301,"(783, 2348, 825, 2394)",100,A2
535,797.7626168224299,543.3476635514019,302,"(785, 530, 811, 557)",100,A2
1072,802.5942164179105,1021.7201492537314,303,"(788, 999, 818, 1046)",100,A2
1681,812.7019631171921,1300.515764425937,304,"(790, 1276, 836, 1327)",100,A2
1022,815.4745596868885,208.26712328767124,305,"(796, 192, 835, 227)",100,A2
1667,822.3479304139172,430.997600479904,306,"(799, 407, 846, 456)",100,A2
1466,828.7073669849932,498.531377899045,307,"(804, 480, 854, 518)",100,A2
1524,824.7755905511812,1444.1325459317586,308,"(805, 1420, 845, 1469)",100,A2
981,822.3363914373089,2312.9775739041793,309,"(805, 2295, 841, 2331)",100,A2
1626,829.4575645756457,63.69741697416974,310,"(806, 42, 854, 87)",100,A2
1638,826.4304029304029,317.8778998778999,311,"(806, 293, 848, 344)",100,A2
1080,823.6018518518518,572.4157407407407,312,"(809, 551, 840, 596)",100,A2
930,830.189247311828,642.5677419354839,313,"(812, 626, 850, 660)",100,A2
1165,845.2729613733906,848.9270386266095,314,"(825, 831, 866, 867)",100,A2
830,844.2012048192771,740.0096385542168,315,"(830, 723, 860, 758)",100,A2
1023,849.1994134897361,907.0469208211143,316,"(833, 887, 865, 928)",100,A2
948,855.9050632911392,678.4662447257384,317,"(835, 663, 878, 694)",100,A2
1320,858.8212121212122,170.35530303030302,318,"(837, 151, 882, 190)",100,A2
1981,861.7481070166583,1188.0055527511358,319,"(838, 1161, 886, 1216)",100,A2
1372,865.6603498542274,104.05174927113703,320,"(841, 86, 891, 123)",100,A2
889,857.7390326209223,785.8931383577053,321,"(841, 769, 875, 803)",100,A2
985,864.1269035532995,2240.1208121827412,322,"(846, 2223, 883, 2258)",100,A2
1201,869.4263114071607,969.4238134887594,323,"(849, 951, 890, 988)",100,A2
1375,876.5309090909091,1477.24,324,"(850, 1459, 900, 1497)",100,A2
1387,869.6214852198991,2354.4477289113192,325,"(850, 2334, 890, 2376)",100,A2
1110,868.4801801801801,311.2045045045045,326,"(854, 289, 887, 332)",100,A2
1570,871.4484076433121,1360.3815286624204,327,"(854, 1329, 890, 1392)",100,A2
1303,879.1703760552571,371.8795088257867,328,"(858, 352, 901, 392)",100,A2
1087,880.689972401104,547.7617295308188,329,"(864, 528, 897, 570)",100,A2
2442,893.7841932841933,1891.7891072891073,330,"(865, 1865, 924, 1919)",100,A2
1704,889.4031690140845,252.50352112676057,331,"(866, 230, 913, 277)",100,A2
1595,887.9015673981191,452.50721003134794,332,"(866, 430, 912, 476)",100,A2
1072,883.4365671641791,726.2453358208955,333,"(867, 706, 900, 747)",100,A2
991,886.6498486377396,624.2906155398588,334,"(873, 603, 902, 647)",100,A2
1345,891.7605947955391,1702.8200743494424,335,"(873, 1681, 912, 1726)",100,A2
1537,898.3513337670787,1628.8353936239428,336,"(876, 1609, 923, 1650)",100,A2
1299,892.6913010007698,828.0015396458814,337,"(878, 800, 909, 857)",100,A2
1146,900.9886561954625,1250.6684118673647,338,"(881, 1233, 922, 1269)",100,A2
1516,909.854221635884,1113.4848284960422,339,"(886, 1094, 936, 1133)",100,A2
1310,904.6236641221374,1345.6419847328245,340,"(888, 1322, 923, 1371)",100,A2
1470,911.8374149659863,928.2136054421769,341,"(890, 908, 934, 951)",100,A2
1309,910.0061115355232,2302.0336134453783,342,"(891, 2282, 931, 2324)",100,A2
1368,918.7609649122807,1063.8062865497077,343,"(898, 1043, 941, 1084)",100,A2
1031,921.721629485936,1453.250242483026,344,"(905, 1433, 940, 1474)",100,A2
1344,926.936755952381,1184.5982142857142,345,"(906, 1165, 948, 1204)",100,A2
1294,926.2364760432766,1009.372488408037,346,"(907, 989, 947, 1031)",100,A2
1228,929.7671009771987,121.05211726384364,347,"(911, 101, 949, 142)",100,A2
1393,932.9662598707824,334.3639626704953,348,"(911, 315, 957, 355)",100,A2
1064,930.6889097744361,654.2302631578947,349,"(912, 636, 948, 673)",100,A2
911,929.1339187705818,697.9890230515916,350,"(912, 682, 948, 715)",100,A2
1469,932.9046970728386,847.4710687542546,351,"(912, 822, 953, 872)",100,A2
1261,930.6026962727993,405.96272799365585,352,"(913, 384, 948, 429)",100,A2
1219,931.5808039376539,577.2797374897457,353,"(916, 554, 948, 602)",100,A2
1379,939.6664249456128,1306.3357505438723,354,"(917, 1286, 962, 1327)",100,A2
1556,944.9035989717223,157.74421593830334,355,"(922, 135, 969, 181)",100,A2
1310,941.8076335877863,484.4290076335878,356,"(922, 462, 964, 509)",100,A2
930,939.1784946236559,1407.1903225806452,357,"(922, 1391, 958, 1425)",100,A2
1787,950.052602126469,2048.3850027979856,358,"(927, 2025, 976, 2073)",100,A2
856,944.731308411215,757.0899532710281,359,"(930, 740, 961, 775)",100,A2
1080,954.5685185185185,1726.175,360,"(935, 1709, 975, 1744)",100,A2
2077,967.8935965334617,2344.8541165142033,361,"(939, 2321, 996, 2370)",100,A2
2036,963.892927308448,210.46905697445973,362,"(940, 183, 986, 240)",100,A2
1051,962.4709800190295,862.9971455756422,363,"(944, 844, 982, 882)",100,A2
1361,968.5172667156503,284.208670095518,364,"(945, 267, 992, 304)",100,A2
1241,971.4713940370668,515.7671232876712,365,"(949, 498, 994, 534)",100,A2
1278,971.1306729264476,404.72222222222223,366,"(954, 382, 990, 429)",100,A2
821,974.6784409257003,1370.3166869671134,367,"(955, 1357, 995, 1385)",100,A2
2001,984.2208895552224,1989.0849575212394,368,"(957, 1965, 1012, 2014)",100,A2
787,974.5412960609912,727.5171537484117,369,"(959, 713, 993, 743)",100,A2
1407,979.8571428571429,995.820895522388,370,"(959, 974, 1003, 1018)",100,A2
1242,979.6320450885669,1051.890499194847,371,"(959, 1034, 1002, 1072)",100,A2
1281,976.0515222482436,1149.8282591725215,372,"(959, 1128, 995, 1173)",100,A2
1136,982.943661971831,1226.2315140845071,373,"(962, 1209, 1004, 1245)",100,A2
1261,983.0896114195083,1794.6645519429026,374,"(964, 1774, 1004, 1817)",100,A2
966,986.4285714285714,1453.9989648033127,375,"(966, 1440, 1009, 1471)",100,A2
1632,988.34375,639.2757352941177,376,"(967, 615, 1010, 663)",100,A2
712,983.811797752809,781.5589887640449,377,"(970, 765, 998, 799)",100,A2
1448,992.3970994475138,952.7838397790056,378,"(971, 930, 1014, 976)",100,A2
1282,996.8346333853355,1262.3338533541341,379,"(975, 1243, 1018, 1281)",100,A2
809,995.9592088998764,830.4289245982694,380,"(980, 816, 1014, 847)",100,A2
854,997.6697892271662,1514.8688524590164,381,"(980, 1500, 1016, 1530)",100,A2
974,997.0975359342916,367.5728952772074,382,"(981, 349, 1015, 385)",100,A2
2161,1007.5650161962054,2088.970846830171,383,"(981, 2063, 1035, 2117)",100,A2
1186,1005.3836424957841,1419.4586846543002,384,"(985, 1401, 1026, 1439)",100,A2
1348,1007.4013353115727,1330.7759643916913,385,"(986, 1312, 1030, 1350)",100,A2
1312,1009.8536585365854,456.7766768292683,386,"(987, 439, 1033, 476)",100,A2
1182,1009.6336717428088,1747.7800338409475,387,"(989, 1730, 1031, 1766)",100,A2
828,1003.5821256038647,138.70410628019323,388,"(991, 119, 1018, 158)",100,A2
1996,1014.5105210420842,214.43336673346693,389,"(994, 187, 1036, 243)",100,A2
1359,1018.6946284032376,305.3252391464312,390,"(998, 281, 1039, 330)",100,A2
1133,1018.4289496910856,560.5163283318623,391,"(1001, 540, 1036, 581)",100,A2
1504,1022.4833776595744,878.3384308510638,392,"(1002, 856, 1045, 901)",100,A2
931,1022.7647690655209,1138.9624060150377,393,"(1003, 1125, 1044, 1155)",100,A2
1049,1022.7264061010486,1180.897044804576,394,"(1003, 1164, 1045, 1199)",100,A2
1026,1021.7202729044834,1095.1900584795321,395,"(1004, 1076, 1040, 1114)",100,A2
925,1025.3286486486486,397.6972972972973,396,"(1008, 379, 1042, 416)",100,A2
923,1027.8201516793067,717.8526543878656,397,"(1012, 698, 1047, 737)",100,A2
972,1030.130658436214,772.0833333333334,398,"(1012, 756, 1050, 790)",100,A2
1391,1039.199856218548,1028.1250898634075,399,"(1020, 1006, 1059, 1051)",100,A2
1205,1044.414937759336,487.03817427385894,400,"(1023, 470, 1067, 504)",100,A2
1326,1051.128205128205,816.3725490196078,401,"(1029, 797, 1072, 837)",100,A2
1292,1051.6207430340557,949.7260061919504,402,"(1029, 932, 1074, 969)",100,A2
1084,1052.4547970479705,671.5055350553506,403,"(1033, 654, 1074, 690)",100,A2
979,1051.0245148110316,155.14402451481104,404,"(1034, 138, 1069, 173)",100,A2
1362,1057.7261380323055,1809.6864904552128,405,"(1036, 1789, 1080, 1831)",100,A2
1297,1062.958365458751,1681.7949113338473,406,"(1042, 1662, 1085, 1702)",100,A2
1157,1062.9377700950736,1306.5678478824545,407,"(1046, 1285, 1080, 1329)",100,A2
1139,1069.9754170324845,706.4495171202809,408,"(1049, 689, 1093, 723)",100,A2
1319,1073.5489006823352,1942.6353297952994,409,"(1049, 1926, 1099, 1960)",100,A2
2076,1074.1517341040462,53.8140655105973,410,"(1050, 28, 1100, 81)",100,A2
1330,1071.766917293233,623.8338345864662,411,"(1051, 604, 1094, 645)",100,A2
992,1070.1048387096773,542.6129032258065,412,"(1053, 525, 1088, 560)",100,A2
1274,1075.594191522763,347.3689167974882,413,"(1055, 328, 1097, 368)",100,A2
994,1075.2726358148893,1409.1509054325957,414,"(1058, 1391, 1095, 1429)",100,A2
1934,1078.916752843847,2044.1659772492244,415,"(1059, 2015, 1101, 2075)",100,A2
1146,1075.9694589877836,290.8568935427574,416,"(1060, 270, 1093, 314)",100,A2
1531,1082.212279555846,439.8451992161986,417,"(1063, 415, 1104, 465)",100,A2
615,1076.7723577235772,1077.1642276422765,418,"(1063, 1063, 1091, 1091)",100,A2
1005,1084.992039800995,1223.084577114428,419,"(1067, 1205, 1103, 1242)",100,A2
759,1083.32674571805,1602.9064558629775,420,"(1067, 1588, 1101, 1618)",100,A2
1034,1092.443907156673,751.3829787234042,421,"(1072, 735, 1113, 769)",100,A2
1240,1092.3056451612904,915.7564516129032,422,"(1073, 895, 1112, 937)",100,A2
1271,1091.0055074744296,1884.2486231313926,423,"(1073, 1862, 1110, 1907)",100,A2
533,1087.0825515947467,1051.7242026266417,424,"(1074, 1040, 1101, 1065)",100,A2
876,1095.587899543379,1555.277397260274,425,"(1076, 1541, 1116, 1571)",100,A2
1425,1099.5494736842106,2354.062456140351,426,"(1076, 2333, 1124, 2375)",100,A2
1348,1104.350890207715,1772.473293768546,427,"(1081, 1752, 1130, 1794)",100,A2
1374,1102.598981077147,992.0538573508006,428,"(1082, 971, 1123, 1014)",100,A2
1195,1104.0995815899582,2112.1665271966526,429,"(1082, 2094, 1127, 2132)",100,A2
1273,1107.553809897879,808.0164964650432,430,"(1086, 785, 1130, 831)",100,A2
1017,1106.3579154375614,1731.3264503441494,431,"(1086, 1714, 1125, 1748)",100,A2
936,1103.3707264957266,509.8568376068376,432,"(1087, 492, 1122, 527)",100,A2
1038,1107.9113680154142,1343.8323699421965,433,"(1090, 1326, 1127, 1362)",100,A2
1212,1111.5247524752476,1280.1130363036305,434,"(1091, 1263, 1135, 1298)",100,A2
663,1109.8325791855204,1502.024132730015,435,"(1095, 1489, 1126, 1516)",100,A2
772,1114.5246113989638,1188.5233160621763,436,"(1098, 1174, 1132, 1204)",100,A2
1185,1118.2911392405063,1418.357805907173,437,"(1098, 1401, 1140, 1437)",100,A2
1036,1118.761583011583,568.4160231660231,438,"(1099, 552, 1139, 586)",100,A2
1362,1122.2077826725404,2291.2665198237887,439,"(1100, 2274, 1147, 2311)",100,A2
1378,1125.2271407837445,861.155297532656,440,"(1101, 843, 1152, 879)",100,A2
806,1119.713399503722,1629.9937965260547,441,"(1104, 1614, 1136, 1646)",100,A2
1256,1126.2412420382166,657.2945859872611,442,"(1106, 638, 1147, 678)",100,A2
1357,1122.680913780398,2209.6168017686073,443,"(1106, 2184, 1141, 2238)",100,A2
1694,1134.232585596222,401.5844155844156,444,"(1113, 376, 1156, 429)",100,A2
1355,1135.281180811808,1037.721033210332,445,"(1114, 1018, 1157, 1058)",100,A2
1127,1131.6672582076308,1822.3265306122448,446,"(1114, 1802, 1149, 1843)",100,A2
1288,1145.399844720497,698.0077639751553,447,"(1121, 682, 1171, 716)",100,A2
985,1143.4192893401016,483.71573604060916,448,"(1127, 465, 1160, 504)",100,A2
1343,1152.7274758004467,2006.7557706626956,449,"(1130, 1988, 1177, 2027)",100,A2
827,1149.888754534462,1366.360338573156,450,"(1134, 1350, 1166, 1385)",100,A2
891,1150.418630751964,1671.0897867564533,451,"(1134, 1655, 1169, 1688)",100,A2
1385,1158.7191335740072,1929.6750902527076,452,"(1134, 1913, 1184, 1948)",100,A2
969,1152.107327141383,1598.7946336429309,453,"(1136, 1580, 1170, 1618)",100,A2
1080,1157.2462962962964,1151.2685185185185,454,"(1138, 1135, 1179, 1169)",100,A2
1227,1156.6560717196414,1220.0880195599022,455,"(1138, 1200, 1177, 1241)",100,A2
1119,1159.3020554066131,811.9365504915103,456,"(1139, 795, 1180, 831)",100,A2
1217,1162.3722267871815,280.07888249794576,457,"(1142, 261, 1183, 299)",100,A2
1831,1163.6176952484982,1473.6974330966684,458,"(1142, 1447, 1186, 1499)",100,A2
1363,1165.2868672046955,1879.619955979457,459,"(1143, 1860, 1189, 1900)",100,A2
1287,1161.5019425019425,2222.298368298368,460,"(1143, 2201, 1182, 2245)",100,A2
1293,1169.1175560711524,1541.8662026295437,461,"(1147, 1523, 1193, 1561)",100,A2
1304,1167.4777607361964,2064.5874233128834,462,"(1147, 2046, 1189, 2086)",100,A2
905,1167.3005524861878,1320.5668508287292,463,"(1150, 1305, 1187, 1337)",100,A2
1212,1177.9150165016501,581.4430693069307,464,"(1158, 562, 1200, 603)",100,A2
1369,1182.7611395178963,1982.4747991234478,465,"(1159, 1962, 1208, 2003)",100,A2
1982,1182.7547931382442,907.8955600403633,466,"(1161, 881, 1207, 936)",100,A2
1629,1183.3701657458564,360.82627378759975,467,"(1162, 338, 1207, 385)",100,A2
1221,1182.5904995904996,1279.1777231777232,468,"(1164, 1260, 1203, 1300)",100,A2
1113,1181.0170709793351,2352.406109613657,469,"(1164, 2332, 1199, 2374)",100,A2
1007,1186.0794438927508,1739.9106256206553,470,"(1169, 1720, 1207, 1759)",100,A2
1218,1186.9515599343185,503.0525451559934,471,"(1170, 482, 1206, 526)",100,A2
1011,1191.0425321463897,1818.84371909001,472,"(1174, 1801, 1210, 1838)",100,A2
1197,1195.0401002506267,1387.7602339181287,473,"(1175, 1368, 1214, 1408)",100,A2
1044,1199.0603448275863,1065.581417624521,474,"(1182, 1046, 1216, 1086)",100,A2
1571,1204.1394016549968,1468.759388924252,475,"(1186, 1443, 1225, 1497)",100,A2
1353,1205.121951219512,2203.756097560976,476,"(1187, 2180, 1224, 2229)",100,A2
1577,1206.5313887127456,629.7425491439442,477,"(1188, 599, 1225, 659)",100,A2
1477,1210.3283683141503,1709.1056194989844,478,"(1188, 1687, 1235, 1730)",100,A2
1042,1209.4376199616122,971.0460652591171,479,"(1191, 954, 1229, 990)",100,A2
1133,1211.6063548102384,823.0979699911738,480,"(1192, 806, 1232, 842)",100,A2
1326,1219.8016591251885,285.947963800905,481,"(1201, 266, 1241, 308)",100,A2
1347,1222.8218262806236,1952.3006681514476,482,"(1203, 1932, 1246, 1974)",100,A2
981,1223.8012232415902,460.89500509683995,483,"(1206, 444, 1244, 479)",100,A2
1158,1229.6355785837652,1009.2115716753023,484,"(1208, 992, 1252, 1026)",100,A2
995,1222.5798994974875,1344.8964824120603,485,"(1208, 1324, 1238, 1366)",100,A2
1236,1231.1132686084143,1269.5760517799354,486,"(1212, 1250, 1252, 1289)",100,A2
1654,1235.9673518742443,707.9032648125756,487,"(1214, 685, 1260, 732)",100,A2
1192,1237.880033557047,1781.8255033557048,488,"(1215, 1765, 1261, 1800)",100,A2
890,1231.0719101123595,1520.123595505618,489,"(1216, 1503, 1248, 1539)",100,A2
1332,1240.2747747747749,766.9594594594595,490,"(1219, 748, 1263, 787)",100,A2
1178,1242.5356536502547,1224.9219015280137,491,"(1219, 1209, 1266, 1242)",100,A2
1292,1243.7252321981425,1856.5704334365325,492,"(1223, 1837, 1265, 1876)",100,A2
1715,1249.9848396501457,1675.521865889213,493,"(1224, 1653, 1276, 1700)",100,A2
1029,1245.6472303206997,1409.4509232264334,494,"(1230, 1390, 1263, 1429)",100,A2
1143,1250.7331583552057,2170.9720034995626,495,"(1232, 2151, 1271, 2190)",100,A2
1427,1256.093903293623,879.7778556412053,496,"(1233, 859, 1281, 901)",100,A2
1462,1256.1675786593707,1912.204514363885,497,"(1233, 1892, 1279, 1934)",100,A2
1315,1256.0692015209127,1082.0212927756654,498,"(1237, 1061, 1277, 1105)",100,A2
1222,1261.0801963993454,2305.1096563011456,499,"(1242, 2285, 1280, 2326)",100,A2
1484,1265.294474393531,333.9454177897574,500,"(1244, 312, 1289, 357)",100,A2
1637,1268.571777642028,558.2620647525962,501,"(1244, 538, 1294, 580)",100,A2
1746,1270.4158075601374,643.0847651775487,502,"(1246, 620, 1296, 666)",100,A2
1714,1274.5729288214702,1990.6598599766628,503,"(1252, 1964, 1298, 2018)",100,A2
1182,1270.1438240270727,1344.8282571912014,504,"(1253, 1325, 1290, 1366)",100,A2
1224,1275.6691176470588,2228.033496732026,505,"(1258, 2207, 1294, 2249)",100,A2
1154,1281.419410745234,1745.2911611785096,506,"(1259, 1729, 1305, 1762)",100,A2
1653,1286.1282516636418,1464.5281306715065,507,"(1262, 1443, 1313, 1486)",100,A2
1403,1286.6364932287954,812.9073414112615,508,"(1266, 792, 1308, 835)",100,A2
1456,1291.1016483516485,971.7039835164835,509,"(1268, 951, 1314, 994)",100,A2
1053,1287.162393162393,1274.67616334283,510,"(1270, 1256, 1306, 1296)",100,A2
1259,1294.3471008737092,1177.921366163622,511,"(1274, 1159, 1317, 1197)",100,A2
1117,1298.5890778871978,1379.8621307072515,512,"(1279, 1360, 1319, 1401)",100,A2
1778,1304.5922384701912,1028.0365579302588,513,"(1280, 1004, 1330, 1051)",100,A2
1338,1303.6801195814649,748.7391629297459,514,"(1284, 726, 1324, 772)",100,A2
1387,1306.56236481615,1829.604902667628,515,"(1284, 1809, 1330, 1851)",100,A2
1346,1309.1745913818722,1108.2132243684994,516,"(1290, 1086, 1329, 1131)",100,A2
1536,1312.9147135416667,682.0872395833334,517,"(1291, 661, 1336, 704)",100,A2
1215,1311.1720164609053,1893.0683127572017,518,"(1293, 1873, 1329, 1915)",100,A2
1716,1319.3659673659674,183.98717948717947,519,"(1294, 162, 1346, 207)",100,A2
920,1315.5445652173912,1311.0510869565217,520,"(1298, 1295, 1335, 1327)",100,A2
1205,1319.6738589211618,1692.4464730290456,521,"(1305, 1667, 1335, 1719)",100,A2
1765,1332.7682719546742,611.6725212464589,522,"(1308, 589, 1358, 635)",100,A2
1864,1336.607296137339,272.7698497854077,523,"(1310, 250, 1363, 297)",100,A2
2185,1336.4178489702517,918.3052631578947,524,"(1311, 891, 1362, 947)",100,A2
1651,1338.6650514839491,2004.4688067837674,525,"(1315, 1980, 1362, 2029)",100,A2
1554,1338.1692406692407,1420.8082368082369,526,"(1317, 1397, 1360, 1446)",100,A2
1073,1337.1770736253495,1213.022367194781,527,"(1318, 1195, 1357, 1231)",100,A2
1064,1342.4906015037593,1268.827067669173,528,"(1325, 1251, 1361, 1288)",100,A2
1374,1343.976710334789,1783.0269286754003,529,"(1325, 1760, 1363, 1808)",100,A2
1350,1348.8266666666666,820.3762962962963,530,"(1329, 799, 1369, 842)",100,A2
1683,1364.4723707664884,1134.1182412358883,531,"(1342, 1111, 1388, 1159)",100,A2
1542,1370.2632944228276,130.0739299610895,532,"(1345, 111, 1396, 150)",100,A2
1270,1369.4606299212599,1925.6417322834645,533,"(1348, 1906, 1389, 1947)",100,A2
1803,1374.9678313921243,2338.1236827509706,534,"(1350, 2315, 1400, 2362)",100,A2
1400,1370.0514285714285,767.9142857142857,535,"(1352, 745, 1390, 792)",100,A2
1385,1375.6707581227438,1044.9415162454873,536,"(1356, 1024, 1396, 1067)",100,A2
1228,1379.9014657980456,1461.1775244299674,537,"(1357, 1442, 1403, 1481)",100,A2
1320,1379.6992424242424,1855.7863636363636,538,"(1360, 1835, 1401, 1876)",100,A2
913,1379.4490690032858,1340.1807228915663,539,"(1363, 1323, 1398, 1358)",100,A2
1097,1383.9489516864176,1522.4530537830447,540,"(1365, 1505, 1404, 1541)",100,A2
1020,1386.0274509803921,542.1735294117647,541,"(1369, 523, 1404, 562)",100,A2
1315,1386.2783269961976,1210.8996197718632,542,"(1369, 1187, 1403, 1237)",100,A2
1427,1401.4940434477926,977.656622284513,543,"(1381, 956, 1423, 1000)",100,A2
1578,1407.7160963244614,1750.8833967046894,544,"(1385, 1729, 1431, 1773)",100,A2
2189,1411.3266331658292,665.5920511649155,545,"(1386, 640, 1439, 693)",100,A2
1746,1410.1414662084765,881.1116838487973,546,"(1388, 857, 1435, 906)",100,A2
1310,1417.0045801526717,725.8152671755726,547,"(1390, 710, 1443, 744)",100,A2
1259,1420.3034154090549,1235.9030976965846,548,"(1400, 1217, 1441, 1255)",100,A2
1858,1424.4542518837459,273.2707212055974,549,"(1403, 247, 1448, 301)",100,A2
1700,1429.050588235294,1392.2158823529412,550,"(1403, 1372, 1455, 1415)",100,A2
1322,1429.3895612708018,1102.6543116490166,551,"(1408, 1082, 1452, 1124)",100,A2
1326,1428.2971342383107,1556.0497737556561,552,"(1408, 1535, 1449, 1578)",100,A2
949,1426.45416227608,1286.9926238145417,553,"(1410, 1269, 1444, 1306)",100,A2
1424,1439.573033707865,1833.2162921348315,554,"(1417, 1813, 1463, 1854)",100,A2
1482,1443.1727395411606,780.9750337381917,555,"(1418, 763, 1469, 801)",100,A2
1365,1443.970695970696,599.2827838827839,556,"(1422, 578, 1467, 619)",100,A2
1673,1446.668260609683,1909.9205020920501,557,"(1422, 1888, 1471, 1933)",100,A2
1191,1442.8597816960537,1476.8345927791772,558,"(1425, 1457, 1462, 1498)",100,A2
734,1443.949591280654,2031.3950953678475,559,"(1427, 2019, 1462, 2045)",100,A2
1824,1463.1617324561403,828.3092105263158,560,"(1435, 808, 1492, 849)",100,A2
1385,1456.7451263537905,1186.5559566787003,561,"(1436, 1166, 1479, 1208)",100,A2
1350,1461.1237037037038,2153.994074074074,562,"(1441, 2131, 1480, 2181)",100,A2
1237,1458.5230396119644,1053.6814874696847,563,"(1442, 1031, 1475, 1078)",100,A2
1716,1472.4702797202797,1334.6206293706293,564,"(1443, 1316, 1501, 1355)",100,A2
1461,1468.3073237508556,976.7713894592745,565,"(1445, 958, 1494, 997)",100,A2
1246,1467.059390048154,2276.972712680578,566,"(1445, 2257, 1489, 2295)",100,A2
945,1473.835978835979,1988.6878306878307,567,"(1455, 1973, 1495, 2005)",100,A2
1045,1478.3578947368421,561.7205741626794,568,"(1459, 544, 1499, 580)",100,A2
2119,1487.1925436526662,1609.3105238319963,569,"(1461, 1585, 1515, 1636)",100,A2
1558,1493.8896020539153,1813.0327342747112,570,"(1473, 1790, 1516, 1837)",100,A2
1716,1500.1357808857808,906.455710955711,571,"(1478, 883, 1523, 931)",100,A2
1425,1502.2119298245614,1167.2828070175437,572,"(1479, 1147, 1524, 1191)",100,A2
1294,1499.7650695517775,2338.2496136012364,573,"(1480, 2317, 1521, 2360)",100,A2
1209,1506.1786600496278,696.0206782464847,574,"(1481, 680, 1532, 713)",100,A2
1523,1507.721602101116,1253.908732764281,575,"(1486, 1233, 1532, 1277)",100,A2
1674,1510.2986857825567,2036.0657108721625,576,"(1487, 2013, 1534, 2059)",100,A2
1431,1510.325646401118,750.0719776380154,577,"(1488, 730, 1533, 771)",100,A2
1343,1506.7088607594937,1939.6976917349218,578,"(1488, 1917, 1526, 1963)",100,A2
1576,1512.863578680203,2102.4486040609136,579,"(1488, 2081, 1538, 2123)",100,A2
1898,1516.4473129610117,1433.581138040042,580,"(1494, 1407, 1542, 1463)",100,A2
1932,1519.511387163561,1517.945652173913,581,"(1494, 1494, 1546, 1543)",100,A2
1714,1518.835472578763,2180.706534422404,582,"(1495, 2157, 1543, 2206)",100,A2
1366,1519.581991215227,2249.739385065886,583,"(1499, 2229, 1541, 2273)",100,A2
1633,1531.566442131047,1028.9136558481323,584,"(1508, 1007, 1559, 1053)",100,A2
1585,1534.940694006309,597.4107255520505,585,"(1513, 574, 1558, 621)",100,A2
1471,1539.583956492182,1683.12780421482,586,"(1513, 1666, 1566, 1704)",100,A2
1802,1544.4938956714761,1120.284128745838,587,"(1519, 1096, 1571, 1146)",100,A2
1550,1547.1916129032259,1069.276129032258,588,"(1521, 1050, 1574, 1089)",100,A2
1424,1545.7633426966293,1620.0245786516855,589,"(1525, 1594, 1566, 1646)",100,A2
1379,1545.1138506163886,1749.7019579405367,590,"(1526, 1728, 1566, 1774)",100,A2
1454,1556.0495185694635,2300.6856946354883,591,"(1537, 2277, 1577, 2326)",100,A2
1434,1565.3221757322176,1880.1889818688983,592,"(1545, 1858, 1587, 1902)",100,A2
1473,1572.4304141208418,1402.2416836388322,593,"(1549, 1383, 1596, 1422)",100,A2
1815,1574.067217630854,961.5553719008265,594,"(1554, 935, 1595, 989)",100,A2
1464,1579.1707650273224,2091.748633879781,595,"(1558, 2070, 1602, 2115)",100,A2
950,1574.6326315789474,1760.7094736842105,596,"(1560, 1740, 1590, 1782)",100,A2
962,1581.2827442827443,1976.2733887733887,597,"(1563, 1959, 1600, 1995)",100,A2
753,1583.2722443559096,1925.5949535192563,598,"(1566, 1912, 1601, 1940)",100,A2
1426,1593.633941093969,2158.8162692847127,599,"(1572, 2138, 1616, 2181)",100,A2
1335,1598.3340823970038,1482.2621722846443,600,"(1575, 1464, 1622, 1502)",100,A2
1461,1596.170431211499,50.08898015058179,601,"(1576, 25, 1616, 77)",100,A2
1193,1595.718357082984,651.2875104777871,602,"(1577, 633, 1619, 672)",100,A2
1511,1600.6108537392456,1628.8524156187955,603,"(1580, 1606, 1622, 1654)",100,A2
2060,1607.9611650485438,406.4456310679612,604,"(1581, 383, 1636, 432)",100,A2
1437,1607.6207376478776,1166.1433542101602,605,"(1582, 1150, 1634, 1184)",100,A2
854,1603.592505854801,1125.797423887588,606,"(1585, 1109, 1621, 1141)",100,A2
1263,1610.6302454473475,2341.3697545526525,607,"(1588, 2324, 1635, 2360)",100,A2
1152,1609.6875,1723.420138888889,608,"(1592, 1703, 1628, 1745)",100,A2
1446,1617.7219917012449,1554.8845089903182,609,"(1593, 1536, 1643, 1574)",100,A2
1849,1615.9707950243376,1811.5657111952407,610,"(1594, 1787, 1640, 1838)",100,A2
1165,1615.5081545064377,2051.872103004292,611,"(1594, 2034, 1637, 2072)",100,A2
1691,1630.5387344766411,967.1874630396215,612,"(1610, 942, 1652, 994)",100,A2
1415,1632.3597173144876,2274.188692579505,613,"(1610, 2256, 1657, 2295)",100,A2
1594,1635.1229611041406,2204.6731493099123,614,"(1611, 2184, 1660, 2226)",100,A2
1905,1639.182152230971,1218.4057742782152,615,"(1617, 1192, 1662, 1246)",100,A2
1632,1642.1979166666667,1327.4914215686274,616,"(1620, 1303, 1665, 1353)",100,A2
1757,1643.819578827547,1071.7211155378486,617,"(1621, 1046, 1668, 1097)",100,A2
1400,1642.8214285714287,1421.3392857142858,618,"(1622, 1402, 1664, 1443)",100,A2
772,1639.5686528497408,96.99481865284974,619,"(1625, 80, 1655, 114)",100,A2
1251,1643.3373301358913,1729.5499600319745,620,"(1625, 1708, 1663, 1752)",100,A2
972,1646.30658436214,1847.7602880658437,621,"(1627, 1832, 1666, 1865)",100,A2
2134,1655.3219306466729,458.2999062792877,622,"(1629, 430, 1680, 486)",100,A2
1602,1650.7721598002497,1937.3021223470662,623,"(1629, 1915, 1673, 1960)",100,A2
860,1659.8255813953488,1135.1860465116279,624,"(1642, 1120, 1679, 1152)",100,A2
1562,1668.1613316261203,1887.5096030729833,625,"(1644, 1867, 1692, 1908)",100,A2
1286,1669.8903576982893,1495.9129082426127,626,"(1652, 1475, 1690, 1518)",100,A2
996,1675.309236947791,2010.0993975903614,627,"(1656, 1995, 1696, 2026)",100,A2
1562,1679.6363636363637,1663.085147247119,628,"(1658, 1641, 1701, 1689)",100,A2
1423,1679.5200281096274,2352.7751229796204,629,"(1658, 2334, 1703, 2372)",100,A2
834,1675.558752997602,81.90167865707434,630,"(1660, 66, 1691, 100)",100,A2
1205,1684.5327800829875,2126.2846473029044,631,"(1660, 2111, 1710, 2143)",100,A2
1025,1691.1073170731706,2061.512195121951,632,"(1669, 2041, 1714, 2082)",100,A2
1401,1688.4589578872235,1932.9293361884368,633,"(1671, 1908, 1707, 1957)",100,A2
1376,1697.5486918604652,1616.7863372093022,634,"(1672, 1599, 1723, 1636)",100,A2
954,1690.7882599580712,1553.9035639412998,635,"(1676, 1535, 1708, 1574)",100,A2
903,1694.7065337763013,1408.455149501661,636,"(1677, 1392, 1713, 1425)",100,A2
1178,1700.4482173174872,2254.309847198642,637,"(1678, 2233, 1723, 2276)",100,A2
748,1696.1885026737968,145.40508021390374,638,"(1680, 129, 1712, 161)",100,A2
989,1699.5995955510616,1808.9373104145602,639,"(1682, 1791, 1718, 1828)",100,A2
1838,1708.30957562568,1307.7551686615886,640,"(1683, 1284, 1735, 1333)",100,A2
1001,1700.118881118881,1441.3696303696304,641,"(1683, 1423, 1718, 1460)",100,A2
1947,1706.025680534155,545.7652799178223,642,"(1684, 518, 1728, 574)",100,A2
1118,1702.896243291592,366.783542039356,643,"(1685, 347, 1723, 386)",100,A2
1697,1713.1561579257514,62.8202710665881,644,"(1692, 39, 1736, 88)",100,A2
1578,1706.9036755386564,1010.4930291508239,645,"(1692, 981, 1724, 1041)",100,A2
1925,1730.429090909091,1223.3761038961038,646,"(1707, 1195, 1754, 1252)",100,A2
1327,1729.7596081386587,1748.4559155990958,647,"(1708, 1729, 1752, 1769)",100,A2
783,1733.1775223499362,186.4176245210728,648,"(1716, 172, 1752, 203)",100,A2
995,1734.321608040201,2228.403015075377,649,"(1716, 2212, 1754, 2247)",100,A2
1188,1737.107744107744,1545.9309764309764,650,"(1719, 1525, 1756, 1566)",100,A2
926,1739.3444924406047,432.5302375809935,651,"(1723, 414, 1757, 452)",100,A2
1187,1743.670598146588,1864.558550968829,652,"(1723, 1848, 1765, 1883)",100,A2
1719,1750.605584642234,316.05759162303667,653,"(1725, 294, 1776, 338)",100,A2
1283,1749.245518316446,1908.0140296180825,654,"(1727, 1890, 1771, 1927)",100,A2
1088,1752.639705882353,2370.386029411765,655,"(1733, 2352, 1771, 2392)",100,A2
1662,1758.5120336943442,1954.7827918170879,656,"(1735, 1934, 1784, 1978)",100,A2
940,1756.3478723404255,87.25106382978723,657,"(1739, 69, 1775, 106)",100,A2
1436,1760.406685236769,2037.83217270195,658,"(1741, 2015, 1781, 2062)",100,A2
1407,1764.0803127221038,1463.681592039801,659,"(1744, 1442, 1785, 1486)",100,A2
1325,1767.251320754717,1620.0128301886793,660,"(1750, 1596, 1785, 1644)",100,A2
1633,1776.43233312921,557.4788732394367,661,"(1756, 533, 1799, 583)",100,A2
1235,1785.7085020242914,1495.3344129554655,662,"(1766, 1476, 1806, 1516)",100,A2
1092,1786.235347985348,1849.107142857143,663,"(1767, 1830, 1807, 1868)",100,A2
1598,1792.2659574468084,2105.220901126408,664,"(1771, 2079, 1813, 2131)",100,A2
1658,1800.139927623643,184.0826296743064,665,"(1779, 161, 1823, 209)",100,A2
1331,1796.9601803155522,1728.0623591284748,666,"(1779, 1704, 1815, 1751)",100,A2
1305,1794.4927203065133,2279.433716475096,667,"(1779, 2254, 1810, 2306)",100,A2
1408,1813.3991477272727,2205.073153409091,668,"(1793, 2183, 1834, 2228)",100,A2
918,1810.979302832244,110.42265795206971,669,"(1794, 91, 1828, 130)",100,A2
1633,1819.7924066135947,253.59338640538886,670,"(1794, 232, 1847, 276)",100,A2
1123,1812.8717720391808,1985.5031166518254,671,"(1795, 1967, 1833, 2006)",100,A2
1469,1822.5268890401633,1822.71477195371,672,"(1802, 1800, 1843, 1847)",100,A2
1398,1823.5801144492132,1431.2246065808297,673,"(1804, 1409, 1845, 1454)",100,A2
1064,1823.717105263158,1631.1033834586467,674,"(1806, 1611, 1842, 1651)",100,A2
1236,1821.9611650485438,2361.902912621359,675,"(1807, 2338, 1838, 2388)",100,A2
1620,1839.906172839506,312.06481481481484,676,"(1815, 291, 1865, 333)",100,A2
1009,1841.3102081268582,2015.8701684836471,677,"(1824, 1998, 1860, 2034)",100,A2
1081,1841.6031452358927,113.00555041628122,678,"(1826, 92, 1858, 136)",100,A2
1371,1854.566739606127,1362.3026987600292,679,"(1833, 1342, 1876, 1384)",100,A2
1454,1860.5378266850068,2102.6801925722148,680,"(1842, 2079, 1880, 2128)",100,A2
1280,1886.7640625,2341.97109375,681,"(1863, 2325, 1911, 2360)",100,A2
1494,1890.4698795180723,1450.4136546184739,682,"(1871, 1427, 1911, 1475)",100,A2
1141,1888.3829973707275,164.49868536371605,683,"(1873, 140, 1905, 189)",100,A2
1863,1897.6484165324746,785.4605475040257,684,"(1874, 758, 1923, 813)",100,A2
1109,1900.512173128945,2031.376014427412,685,"(1882, 2013, 1921, 2050)",100,A2
1678,1908.4106078665077,1783.3676996424315,686,"(1884, 1762, 1932, 1807)",100,A2
2073,1910.113844669561,1606.5330438977328,687,"(1885, 1581, 1936, 1632)",100,A2
1497,1907.6546426185705,1283.0975283901137,688,"(1887, 1261, 1931, 1304)",100,A2
1485,1920.8727272727272,1404.6659932659932,689,"(1901, 1381, 1943, 1430)",100,A2
1923,1924.8564742589704,1518.804992199688,690,"(1901, 1493, 1948, 1545)",100,A2
1225,1919.9044897959184,2101.8832653061227,691,"(1901, 2083, 1941, 2123)",100,A2
1181,1929.4657070279425,725.1803556308213,692,"(1907, 708, 1954, 743)",100,A2
1380,1930.0101449275362,1205.6398550724637,693,"(1910, 1186, 1953, 1227)",100,A2
2003,1941.5596605092362,1124.973040439341,694,"(1915, 1100, 1968, 1150)",100,A2
1177,1935.086661002549,2177.789294817332,695,"(1915, 2158, 1956, 2200)",100,A2
1999,1949.232116058029,659.9294647323662,696,"(1923, 635, 1976, 686)",100,A2
1331,1952.6160781367394,1346.1344853493613,697,"(1931, 1328, 1976, 1366)",100,A2
1705,1952.4891495601173,1972.7196480938417,698,"(1934, 1945, 1973, 2002)",100,A2
1331,1964.450788880541,2133.2712246431256,699,"(1942, 2116, 1986, 2156)",100,A2
1104,1966.5289855072465,860.330615942029,700,"(1949, 840, 1985, 881)",100,A2
1469,1972.3839346494215,1275.140231449966,701,"(1950, 1254, 1996, 1298)",100,A2
1221,1969.012285012285,780.6863226863227,702,"(1951, 760, 1989, 803)",100,A2
1688,1976.0491706161138,1647.1877962085307,703,"(1954, 1623, 1998, 1673)",100,A2
1840,1996.2065217391305,1452.9847826086957,704,"(1969, 1433, 2026, 1475)",100,A2
1092,1994.0302197802198,2089.9001831501832,705,"(1976, 2071, 2013, 2109)",100,A2
1196,2000.9423076923076,894.3202341137123,706,"(1979, 878, 2024, 912)",100,A2
1446,2001.9107883817428,1580.8181189488243,707,"(1980, 1562, 2026, 1602)",100,A2
1543,2004.751134154245,1938.8658457550227,708,"(1982, 1916, 2029, 1962)",100,A2
1529,2005.3662524525835,1734.9444081098757,709,"(1986, 1708, 2024, 1762)",100,A2
1577,2008.4350031705771,2017.4901712111605,710,"(1987, 1994, 2031, 2042)",100,A2
1801,2016.7151582454192,1223.729039422543,711,"(1988, 1203, 2047, 1246)",100,A2
1234,2012.4003241491087,809.6474878444084,712,"(1990, 790, 2034, 829)",100,A2
1342,2007.8502235469448,1381.9582712369597,713,"(1990, 1358, 2026, 1405)",100,A2
1242,2013.438808373591,2367.317230273752,714,"(1994, 2347, 2034, 2388)",100,A2
1383,2021.9219088937093,1531.9797541576283,715,"(2001, 1509, 2045, 1555)",100,A2
1187,2030.302443133951,180.8424599831508,716,"(2011, 161, 2051, 201)",100,A2
1588,2031.7821158690176,733.9301007556675,717,"(2012, 709, 2052, 759)",100,A2
1207,2029.6859983429993,2152.5161557580777,718,"(2012, 2131, 2048, 2175)",100,A2
1740,2037.0885057471264,1162.6442528735631,719,"(2014, 1139, 2059, 1189)",100,A2
1216,2043.5600328947369,1923.0879934210527,720,"(2023, 1904, 2064, 1945)",100,A2
1407,2050.1066098081023,2071.557213930348,721,"(2024, 2054, 2076, 2090)",100,A2
1841,2053.55350353069,1315.6252036936448,722,"(2030, 1289, 2079, 1341)",100,A2
1026,2047.6939571150097,2212.647173489279,723,"(2031, 2192, 2065, 2234)",100,A2
1296,2060.266203703704,871.6921296296297,724,"(2039, 850, 2083, 895)",100,A2
1588,2069.154911838791,1488.9458438287154,725,"(2046, 1466, 2092, 1513)",100,A2
1536,2069.20703125,1605.7708333333333,726,"(2046, 1585, 2095, 1626)",100,A2
2295,2076.8962962962964,1662.0588235294117,727,"(2048, 1638, 2108, 1685)",100,A2
1523,2067.41956664478,1833.741956664478,728,"(2048, 1809, 2088, 1859)",100,A2
1698,2080.6519434628976,87.61542991755006,729,"(2056, 66, 2107, 109)",100,A2
1224,2074.6936274509803,224.30392156862746,730,"(2056, 204, 2097, 247)",100,A2
2004,2084.440618762475,1401.926147704591,731,"(2059, 1377, 2109, 1429)",100,A2
1287,2090.3993783993783,252.02408702408704,732,"(2060, 238, 2119, 266)",100,A2
1388,2083.1268011527377,2009.6750720461096,733,"(2062, 1988, 2104, 2034)",100,A2
1552,2084.9259020618556,1734.8672680412371,734,"(2066, 1709, 2105, 1762)",100,A2
1097,2084.3473108477665,2112.456700091158,735,"(2067, 2094, 2104, 2131)",100,A2
1381,2087.574945691528,732.0702389572773,736,"(2069, 709, 2109, 759)",100,A2
1477,2093.54096140826,148.94109681787407,737,"(2074, 126, 2115, 172)",100,A2
1437,2093.1475295755044,1160.4495476687543,738,"(2074, 1136, 2113, 1186)",100,A2
1180,2095.8245762711863,1938.5177966101694,739,"(2079, 1917, 2114, 1962)",100,A2
1268,2107.691640378549,1552.2026813880127,740,"(2084, 1535, 2131, 1571)",100,A2
1484,2115.3645552560647,35.09770889487871,741,"(2091, 17, 2140, 55)",100,A2
1422,2113.6237693389594,839.606188466948,742,"(2092, 818, 2136, 862)",100,A2
1843,2120.415626695605,1252.293543136191,743,"(2098, 1228, 2145, 1278)",100,A2
1252,2123.167731629393,767.0535143769968,744,"(2105, 746, 2142, 790)",100,A2
1952,2139.027663934426,1779.935450819672,745,"(2114, 1756, 2165, 1804)",100,A2
1461,2133.596167008898,2035.2039698836413,746,"(2114, 2009, 2154, 2063)",100,A2
1271,2139.310778914241,124.88985051140834,747,"(2117, 108, 2166, 145)",100,A2
1044,2141.1877394636017,1054.7404214559388,748,"(2121, 1038, 2162, 1073)",100,A2
1733,2142.950375072129,1467.405077899596,749,"(2123, 1442, 2165, 1493)",100,A2
1708,2148.6364168618265,1596.7037470725995,750,"(2123, 1574, 2173, 1618)",100,A2
1340,2147.8783582089554,697.994776119403,751,"(2126, 676, 2167, 722)",100,A2
1274,2150.039246467818,1952.375196232339,752,"(2131, 1932, 2171, 1973)",100,A2
1922,2155.3683662851195,159.97970863683662,753,"(2134, 131, 2178, 188)",100,A2
1157,2156.133967156439,1897.2713915298184,754,"(2137, 1879, 2176, 1917)",100,A2
1474,2166.5807327001357,2040.9559023066486,755,"(2144, 2014, 2186, 2066)",100,A2
1817,2172.2063841496974,1351.0445789763346,756,"(2145, 1331, 2200, 1372)",100,A2
1456,2168.4800824175823,850.5686813186813,757,"(2147, 826, 2190, 874)",100,A2
1980,2175.589898989899,1199.0651515151515,758,"(2148, 1177, 2203, 1222)",100,A2
1275,2171.155294117647,762.4101960784313,759,"(2154, 740, 2190, 786)",100,A2
2311,2181.1051492860233,1716.9532669839896,760,"(2154, 1690, 2208, 1746)",100,A2
1339,2176.168782673637,2112.527259148618,761,"(2155, 2091, 2197, 2134)",100,A2
1815,2187.7977961432507,83.70853994490358,762,"(2162, 61, 2214, 106)",100,A2
1947,2188.2080123266564,1284.0179763739086,763,"(2163, 1259, 2214, 1308)",100,A2
1704,2189.862676056338,2321.430164319249,764,"(2167, 2297, 2214, 2347)",100,A2
1791,2190.6247906197655,1524.3992183137912,765,"(2168, 1499, 2212, 1550)",100,A2
1279,2195.0938232994527,1088.7380766223612,766,"(2171, 1072, 2220, 1106)",100,A2
1676,2207.2696897374703,195.5071599045346,767,"(2184, 172, 2232, 217)",100,A2
1194,2207.8752093802345,1611.1976549413735,768,"(2189, 1591, 2228, 1632)",100,A2
1574,2228.8329097839896,1395.3506988564168,769,"(2202, 1377, 2256, 1415)",100,A2
1968,2234.537601626016,1455.5040650406504,770,"(2204, 1432, 2264, 1481)",100,A2
1609,2228.0018645121195,1848.7663144810442,771,"(2206, 1824, 2252, 1873)",100,A2
1600,2244.84875,1689.663125,772,"(2218, 1668, 2272, 1713)",100,A2
869,2234.9010356731874,2098.2370540851553,773,"(2218, 2081, 2252, 2117)",100,A2
1684,2245.8236342042755,134.13657957244655,774,"(2223, 111, 2270, 158)",100,A2
1493,2249.2987273945078,2272.0937709310115,775,"(2228, 2250, 2271, 2295)",100,A2
1421,2250.43209007741,1148.7389162561576,776,"(2230, 1128, 2273, 1172)",100,A2
1163,2244.0421324161653,1281.9793637145315,777,"(2230, 1256, 2259, 1310)",100,A2
1115,2254.141704035874,1641.6977578475337,778,"(2231, 1626, 2277, 1658)",100,A2
1844,2252.597071583514,1949.3139913232103,779,"(2233, 1920, 2273, 1979)",100,A2
1573,2261.1964399237127,54.73871582962492,780,"(2236, 35, 2286, 77)",100,A2
1296,2262.4529320987654,1040.085648148148,781,"(2242, 1020, 2283, 1061)",100,A2
1215,2265.6650205761316,1205.9958847736625,782,"(2244, 1188, 2287, 1225)",100,A2
1263,2269.9152810768014,1740.03008709422,783,"(2248, 1723, 2295, 1759)",100,A2
1592,2273.005025125628,2344.8674623115576,784,"(2251, 2322, 2296, 2368)",100,A2
1250,2284.4944,936.3584,785,"(2257, 918, 2312, 954)",100,A2
998,2281.386773547094,2061.801603206413,786,"(2264, 2042, 2301, 2083)",100,A2
1593,2293.979284369115,197.8694287507847,787,"(2270, 178, 2319, 219)",100,A2
1346,2293.5794947994054,1863.702823179792,788,"(2278, 1839, 2311, 1890)",100,A2
1064,2300.279135338346,1271.0216165413533,789,"(2281, 1253, 2320, 1291)",100,A2
1713,2303.479859894921,1779.0274372446002,790,"(2284, 1754, 2325, 1805)",100,A2
799,2305.404255319149,1963.1063829787233,791,"(2287, 1948, 2324, 1977)",100,A2
1555,2313.2102893890674,905.8932475884244,792,"(2289, 882, 2338, 931)",100,A2
1012,2306.75790513834,2014.1778656126482,793,"(2289, 1995, 2326, 2034)",100,A2
1337,2318.137621540763,1667.6746447270007,794,"(2297, 1648, 2341, 1688)",100,A2
1695,2327.4407079646016,125.95693215339233,795,"(2305, 101, 2351, 152)",100,A2
1973,2329.6436898124684,1422.4237202230106,796,"(2306, 1397, 2356, 1449)",100,A2
1454,2329.7723521320495,1084.8651994497936,797,"(2308, 1064, 2353, 1107)",100,A2
1810,2337.441988950276,1334.9419889502763,798,"(2313, 1310, 2361, 1358)",100,A2
1164,2335.635738831615,1015.1726804123712,799,"(2314, 997, 2357, 1033)",100,A2
1266,2335.6627172195895,1227.0647709320695,800,"(2315, 1208, 2358, 1247)",100,A2
1628,2335.0135135135133,2328.0841523341523,801,"(2316, 2303, 2356, 2354)",100,A2
1521,2339.958579881657,1163.4727153188692,802,"(2317, 1143, 2365, 1185)",100,A2
1839,2343.8874388254485,2100.5856443719413,803,"(2319, 2076, 2371, 2125)",100,A2
1620,2351.8975308641975,1839.2703703703703,804,"(2329, 1817, 2374, 1862)",100,A2
1659,2356.61422543701,585.1446654611211,805,"(2334, 562, 2380, 609)",100,A2
1706,2363.8382180539274,1980.0246189917937,806,"(2342, 1957, 2389, 2004)",100,A2
843,2361.1245551601423,1725.7568208778173,807,"(2345, 1708, 2378, 1744)",100,A2
